	assignmendid	workerid
0	3GDTJDAPVUBDRIUURHHPEGJRIGRM81	A3GP80966UCWXW
1	3WETL7AQWT8TIE3IN1576X0UGZ8531	A1R7WHYAHC978B
2	3HL8HNGX4517ZDLNAMJQJMUT5LXF9C	A1X1DSL7UW351A
3	3O6CYIULED17URVLYMOHJ637D9UUWD	A2XVQVZ97PT3GD
4	3YDTZAI2WXGFCSL3MS8EDCFJIJW410	A36EY8X5FGPIRZ
5	3PW9OPU9PQK59E6GIEPQKXILY51122	A1R7WHYAHC978B
6	3Q5C1WP23M1X8BP30XROI4LXIFS153	A1JJF2NY2799DU
7	33JKGHPFYCUYUPHYXJ68WD9M7BPMNO	A1FNA7IS6HB59
8	3ZR9AIQJUB9F530LQ94EZ7W9DRW04Z	A31TG9AZ1PUOIK
9	3TVSS0C0E10SUEGWYHY7EAH5UVMTWK	A1SCBMJYBOKCOT
10	3YDGXNSEOZUXNS5OLDHTSM2RWP548N	A1R7WHYAHC978B
11	3ZPPDN2SLVWFTZLRFBZK149TTKFE9Q	A1R7WHYAHC978B
12	32SCWG5HIH4W878JQICJB6HVHQ86PR	A1EUBMQ86K32XE
13	3NPFYT4IZC43E9ZGOMVMHAGND3KGXR	A23KAJRDVCVGOE
14	3IXQG4FA2TYHMW975KXU0W38QN49BN	A1R7WHYAHC978B
15	3YT88D1N08YW0XOLUO9D8MJCDP1K3Z	A3I2U4CTUY09IZ
16	35USIKEBNRGW5MW6A3ZR7HC0HB7N6C	A25T7Z3Z895KHE
17	3Q5ZZ9ZEVOFFJB9OZI03XE85WL385Z	A1R7WHYAHC978B
18	39N5ACM9HENJQQAHOPFVVG8X7RJ9P8	A1R7WHYAHC978B
19	35L9RVQFCOIPX10W3N2HI3TKYLGUHC	A1R7WHYAHC978B
20	3TY7ZAOG5FK0J5POB1RU6OL5ADIK05	A2TM31UYSYYGNU
21	3WOKGM4L71GJ9WA39TJND52EUIU0O7	A1SCBMJYBOKCOT
22	35GMH2SV3EHI0MPXH0I2YU4IOJ2OEF	A3NYUK1M17JJPT
23	3E13VNJ1NNV9KZKI7HAI7DP2N1X1IC	A1T87831UGMTML
24	32EYX73OY092MVEZZSEBW7VQLUGURB	A2FJPG0A0NUJGI
25	3EF8EXOTT1V5FA4OPZVIJE420GQ1JS	A1R7WHYAHC978B
26	3FQ5JJ512LO341HVC7TSH0HII6VKNI	A1R7WHYAHC978B
27	3VD82FOHKQO33O5JL9C7864F37OCO9	A2Q2AGTO34AS80
28	3RSDURM96AMUU0TZNNR00L2K2T1EYG	A1251F92RZG1AV
29	3KWTYT08703AYIT7T7972JUBGLX5LD	A3NRB9EBEGNEVF
30	3XLBSAQ9Z4C9QBOUW1FD8IJ5M047ZH	A3FS8TJO31K664
31	3OONKJ5DKCJKTJDD79GCXMYXLMOBO1	A1SCBMJYBOKCOT
32	34QN5IT0TZRGO4NN2CURGJCEFDO082	A3FS8TJO31K664
33	35BLDD71I6XB11PQEZITEWZ88IBZV1	A1SCBMJYBOKCOT
34	3DR23U6WE5EYDEU5DH41S4A5NRKETS	A1JDUAR21AOWB8
35	3AWETUDC92S6FV5QFSJAZ79E0GCZI1	A3NYUK1M17JJPT
36	30OG32W0SUB0I1PLGLIPJ54DY9VENO	A18R117CBYN9GN
37	33CUSNVVNNCY6TSQXG769YIWYBZ88W	A3FS8TJO31K664
38	3CPLWGV3MOZJN5Y48A23RR327CN9NH	A28HL8IF66ZTWJ
39	3LRLIPTPEQ9WKIN633ONVUXIJZVKAX	A1JJF2NY2799DU
40	3R5F3LQFV2KGBHGTDNWFJ450CPBOZL	A3I2U4CTUY09IZ
41	3E1QT0TDFP9RVZ4362JXMNCA175I8F	A1R7WHYAHC978B
42	3DUZQ9U6SMOE0P3CJ7OLI325L37VSO	A1SCBMJYBOKCOT
43	3B837J3LDOWM7IMVANJBH6D20XURSR	A3NYUK1M17JJPT
44	3U5JL4WY5K9N2T6WTLTL8LJKNYE4XV	A3FS8TJO31K664
45	3KOPY89HM821PDI3C39177JZY01J3Z	A3OKI6USBQB1K9
46	3NXNZ5RS1AXUKK6HS3LEVUHC7XC970	A2EZNZ6X58RTNR
47	3F6HPJW4JD0YAFMJF2EBDN8FUIC2W4	A1SCBMJYBOKCOT
48	3TK8OJTYM1LHNXNKRQKRNYXUYJ0PV2	A1SCBMJYBOKCOT
49	30ZX6P7VF8VC4VMK83VWOXE7SM4J2R	A3FS8TJO31K664
50	373ERPL3YO8NMIZAZNO1RB9O2GCRTK	A1JJF2NY2799DU
51	3CCZ6YKWR7JFXGSY4A6HXA3GGRH59H	A1SCBMJYBOKCOT
52	3Z7EFSHGN9EQXXJBM0Z3RJV8FBUCXF	A3I2U4CTUY09IZ
53	3OHYZ19UGC5FA98L1VGG2BER346OAM	A1R7WHYAHC978B
54	31LM9EDVOLS8THBDUMTGGLH53HSNJJ	A3FS8TJO31K664
55	3AAJC4I4FGS2A6PWXA4AB8OEDV1JZX	A3FS8TJO31K664
56	3OJSZ2ATDSWBJX45PD8XJECAL1R573	A1JJF2NY2799DU
57	3I33IC7ZWF2132JGEXIJVYBO2Z62AQ	A1SCBMJYBOKCOT
58	3O7L7BFSHEP840EUJ55XEX8WCA5EIC	A3FS8TJO31K664
59	3KB8R4ZV1E7W16WFJQ34SDPVU00BGH	A1SCBMJYBOKCOT
60	31QNSG6A5RTU6FN7NBF0VYM1NRU789	A2EZNZ6X58RTNR
61	3WT783CTPBHJKUGAH47L2M4GW89CB9	A1SCBMJYBOKCOT
62	304SM51WA34ZRB56EQXLHR8YIBRBSY	A1R7WHYAHC978B
63	3TXD01ZLD4HVLPC1OGIYOEKGTGZ4U5	A31TG9AZ1PUOIK
64	39RP059MEHTWTGS1UT1Z5I9SQMABMN	A1SCBMJYBOKCOT
65	3J88R45B2GY9RMSFR5L9BJUFEUCPX9	A31TG9AZ1PUOIK
66	35USIKEBNRGW5MW6A3ZR7HC0HB8N6D	A1251F92RZG1AV
67	3YDTZAI2WXGFCSL3MS8EDCFJIJY14Z	A1SCBMJYBOKCOT
68	3YMTUJH0DSGGLCXCOBSOJIYEA2N4T9	A1JJF2NY2799DU
69	31EUONYN2V3Z2XBJCQ7CYYS4OE4OVK	A1SCBMJYBOKCOT
70	37TRT2X24QR6S8MGRWO7PQHBMSFJBR	A3OKI6USBQB1K9
71	3XXU1SWE8MVU7SG2ZAE5CAI951TA0L	A1SCBMJYBOKCOT
72	37XITHEISW9601XZD1TB219KEU9CRJ	A1SCBMJYBOKCOT
73	3ND9UOO81K24B18RP8WGSJ7O0I5WLP	A3FS8TJO31K664
74	3YW4XOSQKQLETQFI1YZWQGDDHWL1UL	A3HII8DX9SINOU
75	3I0BTBYZAXLV3AE5FGSLFW0G8SV0YK	A1SCBMJYBOKCOT
76	3VAR3R6G1P11RLF64XW26K8WDG38OZ	A1SCBMJYBOKCOT
77	3NAPMVF0ZWFJK0LI7U6ZL79Y1R1270	A1R7WHYAHC978B
78	3DBQWDE4Y6Y0MIWS5KPMFBY0LGZN5Z	A3FS8TJO31K664
79	3TAYZSBPLL853Y5AVX4AGY5UO5HS2G	A1R7WHYAHC978B
80	3Z7EFSHGN9EQXXJBM0Z3RJV8FBUXC0	A1251F92RZG1AV
81	3K5TEWLKGVBP6B0GEVU7E1WIC59VI0	A1SCBMJYBOKCOT
82	3FIJLY1B6U4SR01URBFN5CU8APDFP5	A2EZNZ6X58RTNR
83	32RIADZISS4F6CKXZBNY9D2S8JC4SN	A31TG9AZ1PUOIK
84	3CPLWGV3MOZJN5Y48A23RR327CF9N9	APF1EAZT104LQ
85	3IOEN3P9S7JTRFPH5G1TAAZXEA316J	A1JJF2NY2799DU
86	3IJXV6UZ1XJXD4JZ5BPXD47FRZSRIZ	A39ES2QA1HJ0W7
87	3SB5N7Y3O34VHJT5LA6F8WTC3WZG0W	A1SCBMJYBOKCOT
88	3JAOYWH7VI4TZ5VJWXMOEZZD2HLL9P	A31TG9AZ1PUOIK
89	3KMS4QQVK2QRG94EEJAF9V89GF6KF8	AZTHWE54MYUNC
90	3OLF68YTN91L4WVS2SXQFH5DB3FAFM	A3I2U4CTUY09IZ
91	3XM0HYN6NKZ0LM1YW0VHNU98YO2EPQ	A31TG9AZ1PUOIK
92	38F5OAUN5NCNZQO0QF968BF0QALH7Z	A1SCBMJYBOKCOT
93	3EG49X351UC1HGAAC9M05J3YJPH6XF	A2EZNZ6X58RTNR
94	3F6HPJW4JD0YAFMJF2EBDN8FUIAW2W	A1R7WHYAHC978B
95	3NGMS9VZTLIG0NC0D8JITIG48JSFF4	A1SCBMJYBOKCOT
96	3JPSL1DZ5SZXSO890GG3NMEMDU1ANT	A31TG9AZ1PUOIK
97	3MX2NQ3YC9U5YCAW7QCVDDPYNU75XZ	A2EP79U90I3MQM
98	32SCWG5HIH4W878JQICJB6HVHQ96PS	A1SCBMJYBOKCOT
99	3WYP994K17RQHL0KH582OXA7LVF6YP	A3I2U4CTUY09IZ
100	32RIADZISS4F6CKXZBNY9D2S8JB4SM	A1SCBMJYBOKCOT
101	3S4AW7T80BIS2ZP7F2QXXROXGP34L8	A1SCBMJYBOKCOT
102	3OVHNO1VE61P7KP4NEIZ8AT18B5DZE	A1SCBMJYBOKCOT
103	3KRVW3HTZNLVA2935FNUV7JSUAVMSY	A1SCBMJYBOKCOT
104	3JZQSN0I3QAMEN8VOSP0B3GG9YOFGZ	A1R7WHYAHC978B
105	3MB8LZR5BFTDG1EA0UDD48DTDBTKLE	A2SD2GMKO941OY
106	3I2PTA7R3TUO7YUNSZL9LUCNNHEQK7	A1JJF2NY2799DU
107	3DL65MZB8DFHRXSURV9B3UA1Z5HEC6	ASF4IDSXT1OK5
108	3S4AW7T80BIS2ZP7F2QXXROXGP2L4O	A1SCBMJYBOKCOT
109	3ZPPDN2SLVWFTZLRFBZK149TTKEE9P	AKSJ3C5O3V9RB
110	3VNXK88KKCIWVA7DA1OU18XFTFH9VQ	A1SCBMJYBOKCOT
111	3Y54SXRO1LLF2ARR3HJ6WMW89FCTUM	A1SCBMJYBOKCOT
112	3PH3VY7DJLXOGQPV49NP0YIMFRDZWB	A28HL8IF66ZTWJ
113	3A4TN5196KITB7JWHWHHOX7ERLBCHM	A1R7WHYAHC978B
114	31Q0U3WYDPFCVF3MOQ6LGOZT9LU17P	A1SCBMJYBOKCOT
115	32N49TQG3GIA0THI272UX38ZZXZVAR	A1SCBMJYBOKCOT
116	39GHHAVOMFRM7917CHEKHCB5C0Y4J6	A3NYUK1M17JJPT
117	30LSNF239UVG9K2EQLAWCWZ7F7D2IW	A143XRCI1YXAFE
118	3TPZPLC3M0CXBOL17GEL435B7Z93PL	A1SCBMJYBOKCOT
119	32XVDSJFPZX253S5B08O4P6OWGZM2Y	A1JJF2NY2799DU
120	3LS2AMNW5FQ7XPF2QRD2SBTW7MPQOS	A1SCBMJYBOKCOT
121	3VHP9MDGRNK9XBSQM6THLCV1B6YCFO	A3FS8TJO31K664
122	34Z02EIMISDZMOFB5A5M7F81TQA0TS	A1SCBMJYBOKCOT
123	3R9WASFE2ZGM5430EKDPWAWMKOHZF7	A3VJP4GDE4ESSK
124	3OB0CAO74HP6EAK1DOZ6LOZXU9SHYY	A1R7WHYAHC978B
125	3R6BYFZZP7CX093LD2P4ZPGBCOKXF9	A1R7WHYAHC978B
126	3OLF68YTN91L4WVS2SXQFH5DB3FFAR	A1SCBMJYBOKCOT
127	3UOUJI6MTDEMJR0B8RK3LPHEMB4UXA	A3FS8TJO31K664
128	3OHYZ19UGC5FA98L1VGG2BER346AO8	A3FS8TJO31K664
129	3NVC2EB65QZRK2D2Y3A4HUYNB4F3YI	A1SCBMJYBOKCOT
130	3180JW2OT4C43S57QMXUM4HJCWRJ5O	A1SCBMJYBOKCOT
131	3LJ7UR74RHDIQZSSRF6CAJSMLK24N9	A1SCBMJYBOKCOT
132	3UNH76FOCS5S6OLC4LFJDT7TBVSMYD	A1R7WHYAHC978B
133	3X66WABAJWIRYBS24XOYAURJ68K3GF	A1251F92RZG1AV
134	3D8YOU6S9EK90CGF74BDLC4UP726UP	A1R7WHYAHC978B
135	3R9WASFE2ZGM5430EKDPWAWMKOLFZR	A1SCBMJYBOKCOT
136	3TS1AR6UQQE3LUXUVPL65Q3NAV6F7X	A2GQGYKPLKQGSZ
137	3U088ZLJVKTRE5J50FAXUZF0XKQ0WG	A1R7WHYAHC978B
138	32SVAV9L3F9QOKFZIXWOE8GG8D73A3	A1SCBMJYBOKCOT
139	3NJM2BJS4W6LOOHK09PMX695DCJPC2	A1SCBMJYBOKCOT
140	3MAOD8E57QA9O1G2BQ8H7UPKEF9NX9	A1R7WHYAHC978B
141	35GCEFQ6I5ORPSN7UPCNV17PHYFZ31	A3FS8TJO31K664
142	32SVAV9L3F9QOKFZIXWOE8GG8D7A3A	A1B5R2EFL0UO74
143	3LKC68YZ3A3CHMBO20C8K0BIVNBOWZ	A20KWELXAAPVRQ
144	3WS1NTTKEYCP3JXAAQ0XQBT02H3F00	A1SCBMJYBOKCOT
145	3ZSANO2JCF7P4SHMJSJH0HZJX9NFSO	A3FS8TJO31K664
146	3PXX5PX6LXYVRFJCXQBUWRESW5KBA2	A1SCBMJYBOKCOT
147	3E4GGUZ1T8R7FFS2QOV8PCEK7B4K2R	AK0R311RKPCQQ
148	3S3AMIZX3U5CZREUV0YRXCSGZTICDD	A1SCBMJYBOKCOT
149	34BBWHLWHAB2L00L45Z303FWJEBIWX	A1R7WHYAHC978B
150	3A9AA95ATWM0P385LZ2EJ03VLV1P5Y	A31TG9AZ1PUOIK
151	3HYA4D452RJWZT0OPD4B9ZMFZFOF2L	A1SCBMJYBOKCOT
152	3OLQQLKKNSP4ZBY01NQXQYNWPPTEJN	A1R7WHYAHC978B
153	31QNSG6A5RTU6FN7NBF0VYM1NRX78C	A1SCBMJYBOKCOT
154	3DH6GAKTYYPS5VKVJA5DLV32QZDYZ9	A101IR0LIN81SL
155	3NOKK93PR18WOVC8NMF6TIA4KHZEE4	A1SCBMJYBOKCOT
156	386PBUZZXFXI5H8SI9D13TDGYMVLJI	A3FS8TJO31K664
157	3KOPY89HM821PDI3C39177JZY06J34	A35XTSYT45MXUQ
158	3VW04L3ZLT6E0VU6DWVQ5WGIGTMXX6	A1JJF2NY2799DU
159	30LSNF239UVG9K2EQLAWCWZ7F7G2IZ	A3FS8TJO31K664
160	3VELCLL3GKJPA8IS694X4GCA79AF14	A1SCBMJYBOKCOT
161	3H7Z272LX77ERSBQDMIL0PZS7L0PLL	AK0R311RKPCQQ
162	3HUTX6F6VUNQ56DHOGN1WTVTRGEO2F	A245CPNDUDHUYX
163	3A1PQ49WVHH9O49Y1ZSX71ONNOP1HQ	A1R7WHYAHC978B
164	36WLNQG78ZAYHS0ODVDGSA4JHKJBEY	A3FS8TJO31K664
165	3VELCLL3GKJPA8IS694X4GCA79D1FT	A1SCBMJYBOKCOT
166	3U84XHCDICDC7O6BU3H656ZVVYF4ZV	A36EY8X5FGPIRZ
167	3X4MXAO0BGOFEZ34USTCEVGN6ASRW8	AQDJGJ7DTS3OG
168	3L2IS5HSFAIH7XM76LXUNNQGKXTUNP	A1SCBMJYBOKCOT
169	37M28K1J0QD19YHOLIOBUFX54AXJAZ	A3FS8TJO31K664
170	3EQHHY4HQSSUCQF6IGCRPRP3K4F5GB	A1R7WHYAHC978B
171	3MYYFCXHJ37CG7B64BTHKZJPK8J4G4	A30U13HWWI408H
172	33PPO7FECVF3CU0UNAUD8FQBCY7IDQ	A31TG9AZ1PUOIK
173	3E47SOBEYQWT72UGNEZ2O98TRYRCIG	A3OKI6USBQB1K9
174	3TXWC2NHNZQG3IQ9G6JPQLD8UBS9SQ	A355C7Z776SECH
175	3AUQQEL7U5TEZGJ0A5518XWMQBR0V9	A1SCBMJYBOKCOT
176	3RGU30DZTA82BZQDILEG36S5YRMJMJ	A3I2U4CTUY09IZ
177	3LEIZ60CDJZD4UCNBYDXMEABHQT9ZW	A3I2U4CTUY09IZ
178	31LVTDXBL7AZ35R5QEMA5KZ783PRLG	A31TG9AZ1PUOIK
179	3QL2OFSM96ILL357KUCUTH4ADXLCNW	A1R7WHYAHC978B
180	3SEPORI8WNZR9DMS34RXI9LVN89AZA	A1R7WHYAHC978B
181	3OSWBBLG1EX02PPPMWUEBPDQ0B9DXJ	A30U13HWWI408H
182	3SLE99ER0NDWSNRK9IRTDK515QWBZ8	A1SCBMJYBOKCOT
183	3Z4AIRP3C6D6AU9D63AJANCHBE41XF	A1SCBMJYBOKCOT
184	3RSDURM96AMUU0TZNNR00L2K2T3YE2	A1X1DSL7UW351A
185	30OG32W0SUB0I1PLGLIPJ54DY91ENU	A39ES2QA1HJ0W7
186	3P59JYT76LK6IYIPKX90Q31GQO02TK	A3I2U4CTUY09IZ
187	3TS1AR6UQQE3LUXUVPL65Q3NAVC7FV	A31TG9AZ1PUOIK
188	3XCC1ODXDLBAU27IIJU6M6Y1I9CQR4	A3BN5OJ3VKA6US
189	3QIYRE09Y3H1Y0V94XNACLLJ90VN1I	A30U13HWWI408H
190	36W0OB37HWE6J0U69A1PZV8Z03XZH8	A1ARIECD8PX7OT
191	3WETL7AQWT8TIE3IN1576X0UGZB534	A30U13HWWI408H
192	39N5ACM9HENJQQAHOPFVVG8X7RL9PA	A3I2U4CTUY09IZ
193	3RUIQRXJBBOO07WSLUPEJ8Q82BZLLJ	A1SCBMJYBOKCOT
194	3DY46V3X3PIWWTQM1KT0LUYEUVZ55R	ATLQMDN4LDGKG
195	3YW4XOSQKQLETQFI1YZWQGDDHWPU1I	A1R7WHYAHC978B
196	3Z2R0DQ0JHE4TF0SU2K5RH1FNE9E22	A1SCBMJYBOKCOT
197	3COPXFW7XBC37MT8SM6KLPMDILYPKL	A1JJF2NY2799DU
198	3HPZF4IVNMTFX29LRWL5AX2HHHVCYS	A1T87831UGMTML
199	3TESA3PJ31ASC7WYLIR8JYKM2LHMMQ	A1R7WHYAHC978B
200	3483FV8BEEJ0G07DOK17FT926GK628	A3OKI6USBQB1K9
201	35LDD5557A4XMJWV06ES4LSIDGMMKL	A31TG9AZ1PUOIK
202	37Q970SNZE8YEDNECT4WBFVPWZ31S8	AK0R311RKPCQQ
203	3TS1AR6UQQE3LUXUVPL65Q3NAV9F70	A1SCBMJYBOKCOT
204	3R08VXYT7CV5WGJPLEV69EPN5YZW7F	A3FS8TJO31K664
205	3TOK3KHVJTIXR7ANUS4WSKC12W1O7W	A31TG9AZ1PUOIK
206	3DEL4X4EL6L300KGISHSOANRIZGYXD	A1SCBMJYBOKCOT
207	3VELCLL3GKJPA8IS694X4GCA79A1FQ	A3NK90E3X5IR8T
208	3Z2R0DQ0JHE4TF0SU2K5RH1FNEAE23	A39WMOZV6BIJH7
209	3R2PKQ87NW86GO6703TGR5D5LCYMIB	AYJOS6IIR2HTA
210	3R8YZBNQ9HI0CJN395W0HP71HXHQ74	A3FS8TJO31K664
211	3CFVK00FWLL6HMTLYQJCUP8BCGDL6E	ANVXAMUEBGV8N
212	33L7PJKHCGYH4DKE0EI10UEJCOP8TQ	A1SCBMJYBOKCOT
213	3TVRFO09GKFJ01DHZDS2U2LV9KAXLI	A143XRCI1YXAFE
214	3CFJTT4SXTQNVLZKWXRR8NGFQN3I7W	A31TG9AZ1PUOIK
215	339ANSOTR52BQ064FRG0CSL1W73KI4	A31TG9AZ1PUOIK
216	39K0FND3AHFRA6N9OF13A7PM84RAMT	A3FS8TJO31K664
217	3EJPLAJKEMGQMBAPDRAL24J9RPLZ6B	A31TG9AZ1PUOIK
218	33SA9F9TRXUQ5VYZ8M9CFOH4RL5EWL	A1QVNF19XSRSD7
219	3QXNC7EIPIVG296X7405GF7PZJ9903	A1SCBMJYBOKCOT
220	3VA45EW49NNJGLVL5CNNRALOZA11OC	A3FS8TJO31K664
221	3FK0YFF9PZGUSHKGD2TQTQMCK76VVY	AL2VSNEOUS9DF
222	3P1L2B7AD1PW6SZPYM56BPU2XG5LO1	A1R7WHYAHC978B
223	378XPAWRUCD5ENXI303BIEI5RVAIAO	A28HL8IF66ZTWJ
224	3TOK3KHVJTIXR7ANUS4WSKC12W27OG	A3FS8TJO31K664
225	3PQ8K71NHXKQ85EKRCBY1GUMEN5AAC	A3FS8TJO31K664
226	3XUHV3NRVKY8CMAH2MU9AR14Z4UH5O	A39ES2QA1HJ0W7
227	3PM8NZGV8YGURYTURI0YBOKPJQYXQ8	A1R7WHYAHC978B
228	3E13VNJ1NNV9KZKI7HAI7DP2N131II	A31TG9AZ1PUOIK
229	3FTYUGLFSULR065FGQBJJ6M67C25D4	A31TG9AZ1PUOIK
230	3XUHV3NRVKY8CMAH2MU9AR14Z4RH5L	A1SCBMJYBOKCOT
231	32SCWG5HIH4W878JQICJB6HVHQE6PX	A1GW62047JHROQ
232	3X31TUMD7XMBA0SOSK7VZTHU45X1LW	A1R7WHYAHC978B
233	3483FV8BEEJ0G07DOK17FT926GL265	A1R7WHYAHC978B
234	3PH3VY7DJLXOGQPV49NP0YIMFRCWZ7	A3FS8TJO31K664
235	3FIJLY1B6U4SR01URBFN5CU8APFFP7	A1SCBMJYBOKCOT
236	3OHYZ19UGC5FA98L1VGG2BER347OAN	A1R7WHYAHC978B
237	37UEWGM5HT8MDYN1X44RL5QTAXKR1A	A1R7WHYAHC978B
238	3FPRZHYEPY7AG8IXTSNKAVUTTNC3V8	A1SCBMJYBOKCOT
239	3LEP4MGT3G0TPMMOH02WMSMYH8LBD8	A1SCBMJYBOKCOT
240	3OS4RQUCR9FQN60K86XMASPJTL1FBN	A1SCBMJYBOKCOT
241	3ZV9H2YQQD7NVXI2J2SGWXD70WEW3B	A1R7WHYAHC978B
242	3C6FJU71TQTBJWQLDN6543ONOHYYUK	A3FS8TJO31K664
243	339ANSOTR52BQ064FRG0CSL1W72KI3	A1JJF2NY2799DU
244	37Z929RLG98ZNXZNECO6HLEKOIWTSB	A3FS8TJO31K664
245	3GLB5JMZFXVPG3UZXMUAN3DVXLDDGR	A2UPUUEHDPZPC3
246	3CFVK00FWLL6HMTLYQJCUP8BCGCL6D	A3I2U4CTUY09IZ
247	38SKSKU7R1XMA6OM0RS1RSYGL76IL3	A3FS8TJO31K664
248	3BC8WZX3V3WA63MIVYJ6RW86EVFRR7	ADBDQ7FTFHKCR
249	3WJEQKOXA82UEH1KVTI5QF1JATX1AD	A1SCBMJYBOKCOT
250	3LOTDFNYA7ZIB9YV3XTIX6243MLFW5	A3FS8TJO31K664
251	38JBBYETQOAEWTFFYG3TKWYD7S54EO	A1X1DSL7UW351A
252	3DYGAII7PL8PIPR35RQHHBYMHRPQPD	A1SCBMJYBOKCOT
253	3R3YRB5GRF3ANESIXHSP1H6GLQWUA7	AL0WBXQQ2DVOW
254	317HQ483I7SCY6R7C48G4K25Q28NIC	A1SCBMJYBOKCOT
255	3YW4XOSQKQLETQFI1YZWQGDDHWR1UR	A1251F92RZG1AV
256	3I3WADAZ9Q4I43W46ZPZU0Y5BQ75OZ	A31TG9AZ1PUOIK
257	34Q075JO1XDYD4323RLC19P617M01M	A1JJF2NY2799DU
258	3JV9LGBJWTEGK0LONV8QYXPU1ZJOGY	A3I2U4CTUY09IZ
259	3LOZAJ85YDDDZFR9P7AXF6MM3KL2X0	A3FS8TJO31K664
260	32SVAV9L3F9QOKFZIXWOE8GG8DC3A8	A1JJF2NY2799DU
261	3Q8GYXHFEP2HVEZ1GUG8Z04OMCN5C1	A1SCBMJYBOKCOT
262	3BXQMRHWKZYBPF17UKIUA81GF7KMUI	A1SCBMJYBOKCOT
263	3SEPORI8WNZR9DMS34RXI9LVN8BZA1	ANQZFI8OCPFV
264	32VNZTT0A7435XKKKMNTJ3XWMHVR4O	A31TG9AZ1PUOIK
265	30OG32W0SUB0I1PLGLIPJ54DY92NE4	A3I2U4CTUY09IZ
266	3WSELTNVR32VN1DTXC2FWLKE2CPTAF	A2UPUUEHDPZPC3
267	3R2PKQ87NW86GO6703TGR5D5LC0IM9	AXJJVN73MZ3JY
268	3LS2AMNW5FQ7XPF2QRD2SBTW7MVQOY	A1R7WHYAHC978B
269	3YMTUJH0DSGGLCXCOBSOJIYEA2S4TE	A1R7WHYAHC978B
270	30OG32W0SUB0I1PLGLIPJ54DY91NE3	A3FS8TJO31K664
271	3DI28L7YXAEX4UIWBYKRMYRAV8WE1M	A31TG9AZ1PUOIK
272	3WOKGM4L71GJ9WA39TJND52EUIWO0X	A1RIKXU9XOQ67
273	35BLDD71I6XB11PQEZITEWZ88IBVZX	A1R7WHYAHC978B
274	3JRJSWSMQHLTEXWBY2YAAR67TSAE3E	A3I2U4CTUY09IZ
275	3WMINLGALB3E1KBIBQ7P7BKAEQQCAG	A31TG9AZ1PUOIK
276	39PAAFCODM0FFPGR87TBS8YRNMQTVG	A1QVNF19XSRSD7
277	3HHRAGRYX8515QYG9P2G6G37XMR9OV	A1SCBMJYBOKCOT
278	3QXNC7EIPIVG296X7405GF7PZJB09W	A1SCBMJYBOKCOT
279	3TXMY6UCAEO6O0IZ0M4BXBZFI8CCQN	A3FS8TJO31K664
280	3Q8GYXHFEP2HVEZ1GUG8Z04OMCQ5C4	A31TG9AZ1PUOIK
281	3TMFV4NEP8E9WUO8VJNCNELIGI68WF	A31TG9AZ1PUOIK
282	3RRCEFRB7MCGPQ3VOP13JOSS4VU4BQ	A2LZPLBCR55EOH
283	3ON104KXQKW8DT16JGXZ625DEWBW4X	A1SCBMJYBOKCOT
284	3OSWBBLG1EX02PPPMWUEBPDQ0BBXD5	A2UPUUEHDPZPC3
285	3OE22WJIGIO2AUZZMDPBRHLLP8HQU9	A31TG9AZ1PUOIK
286	3ERMJ6L4DYS9R4PBHCPJ0GNW7WO7M2	A3FS8TJO31K664
287	3T3IWE1XG6NNAHKAM8Z1MLZJ6UBQTJ	ANQZFI8OCPFV
288	3QAVNHZ3EM474O5OO30OAUAX8Z3LA4	A31TG9AZ1PUOIK
289	3II4UPYCOJ7GTSOD0IZMHHHX38NDQN	A1R7WHYAHC978B
290	3L4D84MILZSGJLP2ROY3B1K9H5OJHB	A31TG9AZ1PUOIK
291	3MTMREQS4VINFIHNSH7QJ5RD668WA9	A1GW62047JHROQ
292	3AZHRG4CU4KUN7HHQVZVP243ZR003E	A1SCBMJYBOKCOT
293	351SEKWQS0HP8DQL8PS508XST7RMDA	A1SCBMJYBOKCOT
294	3WOKGM4L71GJ9WA39TJND52EUIXO0Y	A28HL8IF66ZTWJ
295	3QILPRALQ5VJ90FU3IWPRV8RN64N85	A2KQLLEA8WMRBL
296	3LPW2N6LKT2DH8G12L18T6QUTCW5UD	A1SCBMJYBOKCOT
297	3PZDLQMM0TLPWHGEYBEA1T1C22X2CY	A3FS8TJO31K664
298	339ANSOTR52BQ064FRG0CSL1W74IK3	A3FS8TJO31K664
299	3AWETUDC92S6FV5QFSJAZ79E0GHIZP	A31TG9AZ1PUOIK
300	3U088ZLJVKTRE5J50FAXUZF0XKW0WM	A3FS8TJO31K664
301	3T3IWE1XG6NNAHKAM8Z1MLZJ6UCQTK	A31TG9AZ1PUOIK
302	3X3OR7WPZZ0TL0C9R5GAE342IB48LO	A3BOY7SUI425MK
303	34Q075JO1XDYD4323RLC19P617N10O	A3FS8TJO31K664
304	3P4RDNWND56GFG0MX6GOBDLOHI3JI4	A1SCBMJYBOKCOT
305	3MRNMEIQW5652V808DRQ0VI3T21DLZ	A1SCBMJYBOKCOT
306	308Q0PEVB8DR94NDBUPBMJ7LLDS9I0	A1SCBMJYBOKCOT
307	3ZSY5X72NXB79QU23622X13138XORX	A1SCBMJYBOKCOT
308	3KJYX6QCM9BL1MKMWDF7Q2BIPKZJV1	A31TG9AZ1PUOIK
309	3P4MQ7TPPXC0APO434BQR2YYENABB2	A3FS8TJO31K664
310	3PS7W85Z8Z2HII3O56OF0Q9UWU7T90	A1R7WHYAHC978B
311	3DZQRBDBSLFUOG1TZXIFZ8AMUJJS3T	A2RJY09I1LVMOC
312	3MD9PLUKKIEYTWGHC8W24F5VMFBNZA	A2ZVTDN92H74SD
313	39O5D9O87TSEHZCX2BSFK3648GXC3J	A1SCBMJYBOKCOT
314	30BXRYBRP4X2P5P1YNHI0REHJ1ZHW6	A31TG9AZ1PUOIK
315	3FFJ6VRIL1O9DAZ0BY6IT86SI9ZI0Y	A2YZN8BDOIUSJ7
316	33IZTU6J81164E87JMP36OZQ1ELSXU	A31TG9AZ1PUOIK
317	3RKNTXVS3MYB6GY3IB17OD8MMD8A40	A1SCBMJYBOKCOT
318	3LWJHTCVCCMDRC29ROUC5HKIFL3QFB	A3FS8TJO31K664
319	3GLB5JMZFXVPG3UZXMUAN3DVXLEDGS	A1SCBMJYBOKCOT
320	36NEMU28XFDOHJQCPKXVSWMD0NXWMT	A1T87831UGMTML
321	378XPAWRUCD5ENXI303BIEI5RVBAIH	A31TG9AZ1PUOIK
322	3DUZQ9U6SMOE0P3CJ7OLI325L3CSVQ	A3NK90E3X5IR8T
323	3A1COHJ8NJVRZ4TJ0K1CMBBV1UU8HG	A3FS8TJO31K664
324	3LYA37P8IQN13SSY9HOJQ5HO1HKBKN	A2CSLM9J063ZAP
325	304SM51WA34ZRB56EQXLHR8YIBXBS4	A3I2U4CTUY09IZ
326	34S9DKFK73PYO66CGMUJQ8WTGL7NYJ	AXJJVN73MZ3JY
327	33SA9F9TRXUQ5VYZ8M9CFOH4RL5WE3	A31TG9AZ1PUOIK
328	39N5ACM9HENJQQAHOPFVVG8X7RMP9R	A35XTSYT45MXUQ
329	3K4J6M3CXETRIWRNDC38X25PCIJGAV	A3AS3TZQF4X6ZK
330	3PQMUDRV7R6KK5GGFOVOZC6O43FIIS	A31TG9AZ1PUOIK
331	3E13VNJ1NNV9KZKI7HAI7DP2N14I10	A1R7WHYAHC978B
332	3VHP9MDGRNK9XBSQM6THLCV1B63FCW	A1SCBMJYBOKCOT
333	32ZKVD547FNV7UKROBWK9J0MQVZ3B5	A31TG9AZ1PUOIK
334	34YB12FSQYOSKX0CAFTD6T0P6Z7MGK	A1TJKU05PSA3ZV
335	3WETL7AQWT8TIE3IN1576X0UGZE355	A2202M6EJ76RQ6
336	3IOEN3P9S7JTRFPH5G1TAAZXEA961U	A1SCBMJYBOKCOT
337	3VFJCI1K4ZZJHDD4FNPUSSUZCM7GR3	A3KCWV8TW3Q71L
338	3STRJBFXOWR1ZEMF93F4QZNA7OKTKV	A1SCBMJYBOKCOT
339	3NJM2BJS4W6LOOHK09PMX695DCPPC8	A1SCBMJYBOKCOT
340	3EF8EXOTT1V5FA4OPZVIJE420GV1JX	A2N5M025HZ2GU7
341	3GGAI1SQEVYF3LK78TXUG2FA87FMCA	A31TG9AZ1PUOIK
342	3137ONMDKG5U898ZTH5UTLVGXXGEGN	A1SCBMJYBOKCOT
343	3TY7ZAOG5FK0J5POB1RU6OL5ADO0KR	A31TG9AZ1PUOIK
344	3634BBTX0OU0AEEQEGP3WFTWOBOFIZ	A3S133YB25MV93
345	3DH6GAKTYYPS5VKVJA5DLV32QZEZYB	A1SCBMJYBOKCOT
346	3JAOYWH7VI4TZ5VJWXMOEZZD2HML9Q	A1SCBMJYBOKCOT
347	3FTOP5WARFO58LJ6TGRI59LSVON0JR	A31TG9AZ1PUOIK
348	336YQZE83VEU40BSTJAM2W90GQTM52	A28HL8IF66ZTWJ
349	3YMU66OBIN86SJZ1JID0EOSTPD8GH5	A1SCBMJYBOKCOT
350	3TOK3KHVJTIXR7ANUS4WSKC12W37OH	AL0WBXQQ2DVOW
351	3Q5ZZ9ZEVOFFJB9OZI03XE85WL458X	A1TJKU05PSA3ZV
352	32XVDSJFPZX253S5B08O4P6OWG42MJ	A31TG9AZ1PUOIK
353	3RXCAC0YIRPDZ8Y8GEJU1BZUMUK8GK	AXJJVN73MZ3JY
354	3ZQIG0FLQEG776KL3CYMFS5QRG9WVA	A1JDUAR21AOWB8
355	358010RM5ETMW6PBDHU8HBJX0IGXV5	AXJJVN73MZ3JY
356	3PPTZCWALQKJWTT9S0OJ8900RQZQZ1	A1GUGCOS9HM63C
357	34X6J5FLPTYTWEO5AELXKFCA8SMJQ9	A1251F92RZG1AV
358	3GDTJDAPVUBDRIUURHHPEGJRIGV8MR	A1251F92RZG1AV
359	3TAYZSBPLL853Y5AVX4AGY5UO5L2SU	A1SCBMJYBOKCOT
360	3W8CV64QJ2ZRD9CT5C7QM766L0DH9F	A3I2U4CTUY09IZ
361	3FDJT1UU748ZECBP87X6NJHWRLZ5KH	AXJJVN73MZ3JY
362	3FDJT1UU748ZECBP87X6NJHWRLYK5V	A31TG9AZ1PUOIK
363	3LBXNTKX0RVOZZC8AGPCPTU09QY9X2	AXJJVN73MZ3JY
364	3YWRV122CSZW4QZ30J8B5Q0LV2ZU86	A3I2U4CTUY09IZ
365	37U1UTWH9VM4OY7MWPD60FD1O3TR8X	A1SCBMJYBOKCOT
366	3IFS6Q0HJIJ9EJJCK0P23ECBD1HSIU	A1T87831UGMTML
367	3Z2R0DQ0JHE4TF0SU2K5RH1FNEC2ET	A31TG9AZ1PUOIK
368	3SPJ033421325GFR1O2RX1FC714JYD	AXJJVN73MZ3JY
369	3180JW2OT4C43S57QMXUM4HJCW0J5X	A1OKMU27HBN9T3
370	3JV9LGBJWTEGK0LONV8QYXPU1ZNGOU	A31TG9AZ1PUOIK
371	34FNN24DCM9UYH06CMYXWRW7P0A5YE	A3I2U4CTUY09IZ
372	32Z9ZLUT1LKUKWGZ71Q8JX1VGZ1OH2	A1T87831UGMTML
373	36PW28KO4ZWTYIVW7HDKXZKDZ26AEA	A1T87831UGMTML
374	3FUI0JHJPXYQ4ZGE9IHER02A23O33G	A1JJF2NY2799DU
375	333U7HK6I9FZ75K05SFDKG5BPDZDJ0	A39VDI1CVOMMIN
